{"__type__":"dragonBones.DragonBonesAsset","_name":"SlimeIdle_ske","_dragonBonesJson":"{\"frameRate\":10,\"isGlobal\":0,\"armature\":[{\"skin\":[{\"slot\":[{\"display\":[{\"width\":61,\"triangles\":[15,4,5,6,15,5,7,15,6,8,15,7,8,4,15,1,2,4,4,2,3,8,17,4,17,1,4,9,16,8,16,17,8,19,1,17,16,11,17,10,16,9,11,19,17,19,18,1,18,0,1,10,11,16,14,0,18,12,13,18,13,14,18,19,18,11,18,12,11],\"type\":\"mesh\",\"vertices\":[-25.85,29.45,0.8,14.85,6.1,23.65,17.2,20.05,13.5,8.55,29.85,-0.45,28.65,-8.9,26.2,-11.65,9.85,-4.75,4.75,-15.5,-5.3,-14.05,-4.5,-2.5,-30.5,9,-30.5,14.3,-30.5,19.45,21.79,-2.99,-0.61,-8.89,1.94,0.86,-23.06,8.71,-10.56,4.06],\"transform\":{\"y\":-5.3752,\"skX\":24.0202,\"skY\":24.0202,\"x\":26.1585},\"edges\":[0,1,1,2,2,3,3,4,4,5,5,6,6,7,7,8,8,9,9,10,10,11,11,12,12,13,13,14,14,0],\"path\":\"Sword_2\",\"uvs\":[0.07623,0.975,0.51311,0.73952,0.6,0.88145,0.78197,0.82339,0.72131,0.6379,0.98934,0.49274,0.96967,0.35645,0.92951,0.3121,0.66148,0.42339,0.57787,0.25,0.41311,0.27339,0.42623,0.45968,0,0.64516,0,0.73065,0,0.81371,0.85729,0.45174,0.49008,0.35658,0.53188,0.51384,0.12205,0.64045,0.32696,0.56545],\"height\":62,\"name\":\"Sword_2\",\"userEdges\":[]}],\"name\":\"Sword_2\"},{\"display\":[{\"width\":55,\"triangles\":[23,6,22,22,6,7,5,3,4,5,1,3,8,22,7,1,2,3,9,22,8,9,10,22,10,23,22,6,20,5,20,1,5,21,0,1,23,11,6,11,20,6,20,15,1,15,21,1,21,17,19,21,19,0,12,20,11,12,15,20,16,17,21,17,18,19,13,14,12,12,14,15,11,23,10,16,21,15],\"type\":\"mesh\",\"vertices\":[-4.4,44.7,6.75,19,19.95,25.7,23.4,22.7,27.5,16.2,14.6,3.95,11.6,-2.1,25.95,-30.8,24.1,-34.3,13.9,-38.9,9.75,-38.45,-3.25,-7.2,-12.05,-8.1,-21.05,-12.05,-25.45,-1.15,-12.5,8.35,-22.45,31.05,-20.85,35,-18.5,41.25,-14.35,43.1,-3.94,2.44,-14.69,25.49,16.51,-31.51,3.86,-13.11],\"transform\":{\"y\":-1.6254,\"skX\":69.1791,\"skY\":69.1791,\"x\":39.9751},\"edges\":[0,1,1,2,2,3,3,4,4,5,5,6,6,7,7,8,8,9,9,10,10,11,11,12,12,13,13,14,14,15,15,16,16,17,17,18,18,19,19,0],\"path\":\"Sword_1\",\"uvs\":[0.42,0.99667,0.62273,0.71111,0.86273,0.78556,0.92545,0.75222,1,0.68,0.76545,0.54389,0.71091,0.47667,0.97182,0.15778,0.93818,0.11889,0.75273,0.06778,0.67727,0.07278,0.44091,0.42,0.28091,0.41,0.11727,0.36611,0.03727,0.48722,0.27273,0.59278,0.09182,0.845,0.12091,0.88889,0.16364,0.95833,0.23909,0.97889,0.42837,0.52714,0.23291,0.78325,0.80019,0.14991,0.57019,0.35436],\"height\":90,\"name\":\"Sword_1\",\"userEdges\":[]}],\"name\":\"Sword_1\"},{\"display\":[{\"width\":228,\"triangles\":[54,27,55,25,24,26,24,56,26,56,55,26,55,27,26,23,56,24,20,57,21,22,56,23,57,56,22,57,22,21,53,27,54,58,57,20,57,55,56,19,58,20,17,59,18,18,59,19,59,58,19,58,34,57,34,55,57,16,59,17,34,35,55,13,59,15,59,39,58,39,34,58,15,59,16,14,13,15,13,48,59,48,36,59,36,39,59,48,49,36,49,37,36,39,33,34,35,54,55,12,11,13,11,48,13,10,48,11,33,35,34,36,33,39,32,30,35,30,54,35,33,32,35,37,29,32,36,37,33,37,32,33,38,29,37,9,48,10,30,53,54,49,50,37,9,8,48,8,49,48,29,30,32,31,30,29,50,38,37,42,53,31,31,53,30,38,31,29,50,51,38,51,31,38,41,27,53,8,7,49,40,42,31,52,40,31,51,52,31,42,41,53,6,50,49,7,6,49,6,51,50,47,27,41,6,5,52,6,52,51,40,41,42,44,46,40,46,41,40,44,40,52,5,44,52,46,47,41,44,45,46,45,47,46,45,1,47,1,27,47,5,4,44,4,43,44,43,45,44,43,2,45,2,1,45,1,28,27,4,3,43,3,2,43,0,28,1],\"type\":\"mesh\",\"vertices\":[-107.05,72.45,-95.6,61.65,-92.2,49.6,-94.35,44.05,-91.25,36.9,-84.45,26.7,-67.15,-23.05,-54.2,-46.25,-39.35,-65.1,-22,-76.85,-5,-80.5,12.9,-78.7,20.65,-71.6,21.25,-63.85,29.9,-60.15,35.8,-53.95,40.4,-45.65,50.65,-30.15,57.1,-13.5,56.5,-8.55,61.45,2.6,78.75,38.75,78.75,45.25,84.95,52.05,97.3,64.75,111.2,71.85,110.9,74.95,-90.05,74.65,-102.7,74.65,-22.35,17.75,-23.55,33.5,-31.3,24.85,-12.15,25.15,3.35,17.75,15.7,25.15,5.8,34.75,0.25,0.45,-16.45,-0.5,-24.8,7.55,14.45,7.55,-63.45,43.7,-66.55,55.15,-55.4,53.3,-88.5,44.35,-78.3,40.65,-86.95,52.35,-73.95,45.25,-79.2,56.7,-11.5,-63.85,-37.5,-37.6,-51.1,-11.95,-54.5,5.4,-62.2,19.3,-41.2,60.1,-16.15,61.35,20.35,61.65,63.9,57.95,52.5,34.45,38.9,4.15,33.95,-21.2],\"transform\":{\"y\":6.2496,\"skX\":89.7546,\"skY\":89.7546,\"x\":58.4773},\"edges\":[0,1,1,2,2,3,3,4,4,5,5,6,6,7,7,8,8,9,9,10,10,11,11,12,12,13,13,14,14,15,15,16,16,17,17,18,18,19,19,20,20,21,21,22,22,23,23,24,24,25,25,26,26,27,27,28,28,0],\"path\":\"Body\",\"uvs\":[0.03048,0.95,0.0807,0.88292,0.09561,0.80807,0.08618,0.7736,0.09978,0.72919,0.12961,0.66584,0.20548,0.35683,0.26228,0.21273,0.32741,0.09565,0.40351,0.02267,0.47807,0,0.55658,0.01118,0.59057,0.05528,0.5932,0.10342,0.63114,0.1264,0.65702,0.16491,0.67719,0.21646,0.72215,0.31273,0.75044,0.41615,0.74781,0.44689,0.76952,0.51615,0.84539,0.74068,0.84539,0.78106,0.87259,0.82329,0.92675,0.90217,0.98772,0.94627,0.9864,0.96553,0.10504,0.96366,0.04956,0.96366,0.40197,0.61025,0.39671,0.70807,0.36272,0.65435,0.44671,0.65621,0.51469,0.61025,0.56886,0.65621,0.52544,0.71584,0.5011,0.5028,0.42785,0.49689,0.39123,0.54689,0.56338,0.54689,0.22171,0.77143,0.20811,0.84255,0.25702,0.83106,0.11184,0.77547,0.15658,0.75248,0.11864,0.82516,0.17566,0.78106,0.15263,0.85217,0.44956,0.10342,0.33553,0.26646,0.27588,0.42578,0.26096,0.53354,0.22719,0.61988,0.3193,0.87329,0.42917,0.88106,0.58925,0.88292,0.78026,0.85994,0.73026,0.71398,0.67061,0.52578,0.6489,0.36832],\"height\":161,\"name\":\"Body\",\"userEdges\":[3,43,2,45]}],\"name\":\"Body\"}],\"name\":\"\"}],\"type\":\"Armature\",\"name\":\"Armature\",\"defaultActions\":[{\"gotoAndPlay\":\"idle\"}],\"aabb\":{\"width\":228,\"y\":-177.69234516138127,\"height\":226.69234516138127,\"x\":-104.50000000000001},\"animation\":[{\"frame\":[],\"playTimes\":0,\"slot\":[{\"colorFrame\":[],\"displayFrame\":[],\"name\":\"Sword_2\"},{\"colorFrame\":[],\"displayFrame\":[],\"name\":\"Sword_1\"},{\"colorFrame\":[],\"displayFrame\":[],\"name\":\"Body\"}],\"ffd\":[{\"frame\":[{\"offset\":62,\"tweenEasing\":0,\"vertices\":[-0.15,0.05,0,0,0,0,0,0,0,0,0,0,0,0,0,0,0,0,0,0,0,0,0,0,0,0,0,0,0,0,0,0,0,0,0,0,0,0,0,0,0,0,0,0,0,0,0,0,0,0,0,0,0,0,0,0,0,0],\"duration\":6},{\"offset\":0,\"tweenEasing\":0,\"vertices\":[-0.3,0,-0.3,0,-1.45,0,0,0,-1.8,-0.85,-3.55,-1.45,-3.2,-3.2,-2.95,-4.1,-1.5,-3.25,0.1,-0.65,0.1,2,-0.55,2.4,-0.55,1.5,0,0,4,2.7,-1.25,-0.6,-5.6,0,-6.7,-0.55,-4.35,-0.55,-1.3,-2.7,-2.1,-0.05,-2.65,0.85,0,0,0,0,0,0,0,0,0,0,0,0,0,0,-0.75,-0.3,-0.4,1.3,-1.05,-0.05,1.05,0.8,0,0,-0.3,-0.4,-0.35,-1.35,0,0,-0.5,-0.9,0.7,0.9,0,-1.15,-0.1,-3.25,0,0,0,0,0,0,0,0,0,0,0,0,0,0,1.1,2.65,-2.9,-4.2,-1.85,-1.95,1.2,3,1.1,1.7,-2,-0.2,-0.65,-1.6,-1.7,0.9,1.85,1.05,-0.85,0,0,0,0,0],\"duration\":6},{\"offset\":62,\"tweenEasing\":null,\"vertices\":[-0.15,0.05,0,0,0,0,0,0,0,0,0,0,0,0,0,0,0,0,0,0,0,0,0,0,0,0,0,0,0,0,0,0,0,0,0,0,0,0,0,0,0,0,0,0,0,0,0,0,0,0,0,0,0,0,0,0,0,0],\"duration\":0}],\"slot\":\"Body\",\"scale\":1,\"skin\":\"\",\"offset\":0,\"name\":\"Body\"}],\"duration\":12,\"bone\":[{\"rotateFrame\":[{\"duration\":12}],\"scaleFrame\":[{\"duration\":12}],\"name\":\"root\",\"translateFrame\":[{\"duration\":12}]},{\"rotateFrame\":[{\"duration\":12}],\"scaleFrame\":[{\"duration\":12}],\"name\":\"Body\",\"translateFrame\":[{\"y\":-42.8385,\"duration\":12}]},{\"rotateFrame\":[{\"tweenEasing\":0,\"duration\":6},{\"rotate\":3.2446,\"tweenEasing\":0,\"duration\":6},{\"duration\":0}],\"scaleFrame\":[{\"duration\":12}],\"name\":\"Sword_1\",\"translateFrame\":[{\"tweenEasing\":0,\"duration\":6},{\"x\":-2.4282,\"y\":-0.4748,\"tweenEasing\":0,\"duration\":6},{\"duration\":0}]},{\"rotateFrame\":[{\"tweenEasing\":0,\"duration\":6},{\"rotate\":-1.1326,\"tweenEasing\":0,\"duration\":6},{\"duration\":0}],\"scaleFrame\":[{\"duration\":12}],\"name\":\"Sword_2\",\"translateFrame\":[{\"tweenEasing\":0,\"duration\":6},{\"x\":-0.3275,\"y\":-1.9142,\"tweenEasing\":0,\"duration\":6},{\"duration\":0}]}],\"ik\":[],\"name\":\"idle\"}],\"bone\":[{\"name\":\"root\",\"transform\":{}},{\"length\":116,\"transform\":{\"y\":26.95,\"skX\":-89.7546,\"skY\":-89.7546,\"x\":3},\"parent\":\"root\",\"name\":\"Body\"},{\"length\":64,\"transform\":{\"y\":31.8785,\"skX\":20.5755,\"skY\":20.5755,\"x\":121.8376},\"parent\":\"Body\",\"name\":\"Sword_1\"},{\"length\":45,