{"__type__":"dragonBones.DragonBonesAsset","_name":"DeadKnight_ske","_dragonBonesJson":"{\"frameRate\":16,\"isGlobal\":0,\"armature\":[{\"skin\":[{\"slot\":[{\"display\":[{\"width\":96,\"triangles\":[20,4,1,20,1,0,3,2,1,4,3,1,19,8,20,8,5,20,5,4,20,17,19,18,16,15,19,15,10,19,10,8,19,16,19,17,10,9,8,14,10,15,8,7,5,14,11,10,7,6,5,12,11,14,13,12,14],\"type\":\"mesh\",\"vertices\":[48,15.25,44.65,46.3,24.25,65.5,17.75,61.35,5.05,45.1,0.3,38.9,-10.65,50.7,-10.35,33.85,-10.05,22.9,-23.05,14.65,-26,2.25,-37.85,-3.1,-48,-22,-39,-45.65,-29.55,-43,-1.45,-41.5,19.85,-32.95,25.15,-24.65,36.05,-15.2,26,-10.8,40.8,17.3],\"transform\":{\"y\":1.4295,\"skX\":-52.498,\"skY\":-52.498,\"x\":31.1059},\"edges\":[0,1,1,2,2,3,3,4,4,5,5,6,6,7,7,8,8,9,9,10,10,11,11,12,12,13,13,14,14,15,15,16,16,17,17,18,18,19,19,20,20,0],\"path\":\"Right_shoulder\",\"uvs\":[1,0.61641,0.9651,0.85344,0.7526,1,0.6849,0.96832,0.5526,0.84427,0.50312,0.79695,0.38906,0.88702,0.39219,0.7584,0.39531,0.67481,0.2599,0.61183,0.22917,0.51718,0.10573,0.47634,0,0.33206,0.09375,0.15153,0.19219,0.17176,0.4849,0.18321,0.70677,0.24847,0.76198,0.31183,0.87552,0.38397,0.77083,0.41756,0.925,0.63206],\"height\":131,\"name\":\"Right_shoulder\",\"userEdges\":[]}],\"name\":\"Right_shoulder\"},{\"display\":[{\"width\":230,\"triangles\":[9,20,10,11,15,14,15,17,16,12,11,14,13,12,14,11,18,15,18,17,15,19,18,11,10,19,11,10,20,19,9,21,20,8,22,21,8,21,9,22,24,23,7,4,22,4,24,22,8,7,22,2,1,24,4,2,24,6,4,7,3,2,4,24,1,25,1,26,25,5,4,6,0,26,1],\"type\":\"mesh\",\"vertices\":[-87.13,20.67,-83.18,16.12,-87.13,8.97,-89.73,-2.48,-83.53,-9.68,-87.78,-23.33,-79.28,-25.33,-66.23,-15.53,-57.08,-13.58,-44.68,-19.78,85.47,-9.98,102.12,-7.98,109.32,-14.58,119.42,-22.38,121.37,-9.68,116.82,10.87,124.62,22.07,98.22,22.07,97.22,17.07,90.07,5.97,78.97,-6.43,-44.58,-7.13,-54.48,-1.38,-53.28,4.67,-69.88,16.62,-69.03,22.02,-86.58,22.02],\"transform\":{\"y\":101.3789,\"skX\":-73.0887,\"skY\":-73.0887,\"x\":-28.4896},\"edges\":[0,1,1,2,2,3,3,4,4,5,5,6,6,7,7,8,8,9,9,10,10,11,11,12,12,13,13,14,14,15,15,16,16,17,17,18,18,19,19,20,20,21,21,22,22,23,23,24,24,25,25,26,26,0],\"path\":\"Legs\",\"uvs\":[0.02913,0.972,0.0463,0.881,0.02913,0.738,0.01783,0.509,0.04478,0.365,0.0263,0.092,0.06326,0.052,0.12,0.248,0.15978,0.287,0.2137,0.163,0.77957,0.359,0.85196,0.399,0.88326,0.267,0.92717,0.111,0.93565,0.365,0.91587,0.776,0.94978,1,0.835,1,0.83065,0.9,0.79957,0.678,0.7513,0.43,0.21413,0.416,0.17109,0.531,0.1763,0.652,0.10413,0.891,0.10783,0.999,0.03152,0.999],\"height\":50,\"name\":\"Legs\",\"userEdges\":[]}],\"name\":\"Legs\"},{\"display\":[{\"width\":56,\"triangles\":[3,4,5,6,3,5,1,2,3,6,1,3,7,8,6,8,10,6,11,1,6,10,11,6,18,0,1,15,18,1,11,15,1,9,10,8,16,17,18,15,16,18,11,13,15,13,14,15,12,13,11],\"type\":\"mesh\",\"vertices\":[12.7,27.8,13.1,20.05,17.2,19.6,21.3,12.75,25.7,10.5,27.15,4.2,18.15,-2.4,8.05,-17.4,1.6,-18.85,-10.65,-19.1,-19.65,-6.6,-22.5,3.5,-28,12.6,-27.25,15.2,-25.85,20.2,-17.75,25.8,-8.9,35.9,1.2,37.9,2.45,33.15],\"transform\":{\"y\":0.1223,\"skX\":95.2938,\"skY\":95.2938,\"x\":16.9992},\"edges\":[0,1,1,2,2,3,3,4,4,5,5,6,6,7,7,8,8,9,9,10,10,11,11,12,12,13,13,14,14,15,15,16,16,17,17,18,18,0],\"path\":\"Head\",\"uvs\":[0.72679,0.86579,0.73393,0.76382,0.80714,0.75789,0.88036,0.66776,0.95893,0.63816,0.98482,0.55526,0.82411,0.46842,0.64375,0.27105,0.52857,0.25197,0.30982,0.24868,0.14911,0.41316,0.09821,0.54605,0,0.66579,0.01339,0.7,0.03839,0.76579,0.18304,0.83947,0.34107,0.97237,0.52143,0.99868,0.54375,0.93618],\"height\":76,\"name\":\"Head\",\"userEdges\":[]}],\"name\":\"Head\"},{\"display\":[{\"width\":211,\"triangles\":[20,22,21,18,23,19,19,23,20,23,22,20,16,18,17,24,23,18,14,16,15,14,24,16,16,24,18,13,24,14,9,11,10,36,24,13,40,36,13,55,40,13,11,13,12,7,9,8,5,7,6,9,55,11,55,13,11,56,55,7,3,5,4,7,55,9,5,56,7,2,56,5,3,2,5,61,56,2,64,61,2,55,54,42,55,42,40,65,64,2,29,26,24,36,29,24,26,25,24,28,27,26,29,28,26,36,34,29,1,0,2,0,65,2,34,32,29,31,30,29,32,31,29,61,58,56,59,58,61,34,33,32,36,35,34,40,39,36,39,37,36,39,38,37,54,50,42,42,41,40,62,61,64,63,62,64,50,43,42,48,44,43,50,48,43,52,50,54,46,45,44,48,46,44,47,46,48,51,50,52,60,59,61,58,57,56,53,52,54,49,48,50],\"type\":\"mesh\",\"vertices\":[-50.51,-147.19,35.89,-147.19,36.74,-136.89,59.54,-126.29,72.89,-109.59,70.39,-87.49,73.39,-85.44,72.24,-73.34,76.69,-67.29,73.39,-62.64,78.44,-46.44,74.94,-41.39,77.29,-31.84,73.39,-26.54,88.44,2.66,95.54,9.31,93.54,13.81,99.39,21.21,94.84,26.06,99.39,31.51,102.24,36.21,113.44,52.31,86.24,72.76,63.64,69.16,48.04,59.81,46.29,65.26,42.59,66.41,42.79,71.11,33.04,75.76,26.79,76.16,25.64,79.66,18.44,84.51,10.44,83.36,4.39,84.71,1.09,81.81,-8.11,81.41,-14.91,72.26,-16.46,76.31,-25.26,76.91,-27.36,71.46,-35.16,64.06,-43.36,61.91,-49.01,56.26,-57.61,59.76,-72.81,67.36,-90.36,64.06,-96.96,55.86,-98.31,41.26,-95.21,35.21,-97.96,26.41,-84.86,24.31,-89.56,15.31,-83.51,4.41,-80.96,-0.64,-76.71,0.31,-70.06,-27.34,-77.31,-54.69,-81.31,-57.04,-79.66,-62.19,-80.81,-68.04,-84.66,-70.99,-78.06,-91.79,-81.31,-99.94,-69.01,-129.24,-59.46,-130.54,-54.81,-136.09],\"transform\":{\"y\":-6.8625,\"skX\":90.3308,\"skY\":90.3308,\"x\":67.3276},\"edges\":[0,1,1,2,2,3,3,4,4,5,5,6,6,7,7,8,8,9,9,10,10,11,11,12,12,13,13,14,14,15,15,16,16,17,17,18,18,19,19,20,20,21,21,22,22,23,23,24,24,25,25,26,26,27,27,28,28,29,29,30,30,31,31,32,32,33,33,34,34,35,35,36,36,37,37,38,38,39,39,40,40,41,41,42,42,43,43,44,44,45,45,46,46,47,47,48,48,49,49,50,50,51,51,52,52,53,53,54,54,55,55,56,56,57,57,58,58,59,59,60,60,61,61,62,62,63,63,64,64,65,65,0],\"path\":\"Body\",\"uvs\":[0.23009,0,0.63957,0,0.6436,0.04402,0.75166,0.08932,0.81493,0.16068,0.80308,0.25513,0.8173,0.26389,0.81185,0.3156,0.83294,0.34145,0.8173,0.36132,0.84123,0.43056,0.82464,0.45214,0.83578,0.49295,0.8173,0.5156,0.88863,0.64038,0.92227,0.6688,0.9128,0.68803,0.94052,0.71966,0.91896,0.74038,0.94052,0.76368,0.95403,0.78376,1,0.82863,0.87559,0.94295,0.77109,0.92457,0.69716,0.88462,0.68886,0.90791,0.67133,0.91282,0.67227,0.93291,0.62607,0.95278,0.59645,0.95449,0.591,0.96944,0.55687,0.99017,0.51896,0.98526,0.49028,0.99103,0.47464,0.97863,0.43104,0.97692,0.39882,0.93782,0.39147,0.95513,0.34976,0.95769,0.33981,0.9344,0.30284,0.90278,0.26398,0.89359,0.2372,0.86944,0.19645,0.8844,0.12441,0.91688,0.04123,0.90278,0.00995,0.86774,0.00355,0.80534,0.01825,0.77949,0.00521,0.74188,0.0673,0.73291,0.04502,0.69444,0.0737,0.64786,0.08578,0.62628,0.10592,0.63034,0.13744,0.51218,0.10308,0.3953,0.08412,0.38526,0.09194,0.36325,0.08649,0.33825,0.06825,0.32564,0.09953,0.23675,0.08412,0.20192,0.14242,0.07671,0.18768,0.07115,0.20972,0.04744],\"height\":234,\"name\":\"Body\",\"userEdges\":[]}],\"name\":\"Body\"},{\"display\":[{\"width\":71,\"triangles\":[6,7,8,6,8,9,10,6,9,6,3,5,3,4,5,14,3,6,13,14,6,10,13,6,17,2,3,14,17,3,11,12,10,12,13,10,15,17,14,17,19,2,19,1,2,19,20,1,20,24,1,24,0,1,21,22,24,20,21,24,22,23,24,18,19,17,16,17,15],\"type\":\"mesh\",\"vertices\":[3.15,32.6,6.7,19.2,10.9,12.45,20.15,6.55,27.05,6.95,35.15,-2.85,31.4,-11.95,34.4,-11.95,35.5,-16.55,35.5,-29.7,25.6,-38.35,24.2,-43.4,12.8,-44,8,-41.1,-10,-33.6,-17.1,-28.4,-26.15,-27.8,-21.85,-18,-28.6,-18.15,-31.35,-3.4,-35.5,10.45,-35.5,30.05,-11.75,40.45,-5.85,39.3,-4.25,33.95],\"transform\":{\"y\":-5.9137,\"skX\":-126.3114,\"skY\":-126.3114,\"x\":32.4357},\"edges\":[0,1,1,2,2,3,3,4,4,5,5,6,6,7,7,8,8,9,9,10,10,11,11,12,12,13,13,14,14,15,15,16,16,17,17,18,18,19,19,20,20,21,21,22,22,23,23,24,24,0],\"path\":\"Left_shoulder\",\"uvs\":[0.54437,0.87045,0.59437,0.71818,0.65352,0.64148,0.7838,0.57443,0.88099,0.57898,0.99507,0.46761,0.94225,0.3642,0.98451,0.3642,1,0.31193,1,0.1625,0.86056,0.0642,0.84085,0.00682,0.68028,0,0.61268,0.03295,0.35915,0.11818,0.25915,0.17727,0.13169,0.18409,0.19225,0.29545,0.09718,0.29375,0.05845,0.46136,0,0.61875,0,0.84148,0.33451,0.95966,0.41761,0.94659,0.44014,0.8858],\"height\":88,\"name\":\"Left_shoulder\",\"userEdges\":[]}],\"name\":\"Left_shoulder\"},{\"display\":[{\"width\":90,\"triangles\":[6,8,7,4,3,5,3,6,5,10,8,6,3,10,6,10,9,8,2,1,3,3,0,10,0,11,10,1,0,3,0,13,11,13,12,11],\"type\":\"mesh\",