{"__type__":"dragonBones.DragonBonesAsset","_name":"Skilet_ske","_dragonBonesJson":"{\"frameRate\":8,\"isGlobal\":0,\"armature\":[{\"skin\":[{\"slot\":[{\"display\":[{\"width\":47,\"triangles\":[7,6,5,4,7,5,11,9,8,11,8,7,3,12,4,12,11,4,11,7,4,11,10,9,2,12,3,13,12,2,1,13,2,19,0,20,0,13,1,15,14,18,18,14,0,14,13,0,18,0,19,17,16,18,16,15,18],\"type\":\"mesh\",\"vertices\":[-4.55,-17.4,-3.5,-13.35,-0.3,-10.95,7.05,1.25,15.15,12.2,22.65,19.5,23.5,24.6,15.8,26.15,13.25,29.7,4.15,29.5,1.4,24.85,2.85,19.75,-1.85,9.55,-13.45,-4.65,-18.65,-7.05,-23,-16.05,-20.1,-22.35,-14.45,-24.9,-9.7,-23.45,-4.8,-24.15,-2.6,-21.35],\"transform\":{\"y\":-2.8433,\"skX\":-52.9221,\"skY\":-52.9221,\"x\":25.681},\"edges\":[0,1,1,2,2,3,3,4,4,5,5,6,6,7,7,8,8,9,9,10,10,11,11,12,12,13,13,14,14,15,15,16,16,17,17,18,18,19,19,20,20,0],\"path\":\"Left_shoulder\",\"uvs\":[0.40319,0.21,0.42553,0.2775,0.49362,0.3175,0.65,0.52083,0.82234,0.70333,0.98191,0.825,1,0.91,0.83617,0.93583,0.78191,0.995,0.5883,0.99167,0.52979,0.91417,0.56064,0.82917,0.46064,0.65917,0.21383,0.4225,0.10319,0.3825,0.01064,0.2325,0.07234,0.1275,0.19255,0.085,0.29362,0.10917,0.39787,0.0975,0.44468,0.14417],\"height\":60,\"name\":\"Left_shoulder\",\"userEdges\":[]}],\"name\":\"Left_shoulder\"},{\"display\":[{\"width\":69,\"triangles\":[0,29,1,1,3,2,32,5,3,32,3,1,3,5,4,29,32,1,35,29,23,23,29,0,30,6,5,32,30,5,24,7,6,30,24,6,22,35,23,24,8,7,35,36,29,29,30,32,33,30,29,24,25,8,25,9,8,21,35,22,25,10,9,25,24,30,33,25,30,36,33,29,26,10,25,26,25,33,19,36,35,34,26,33,36,34,33,20,35,21,19,18,36,34,27,26,26,27,10,27,11,10,20,19,35,34,14,27,14,13,27,28,34,36,31,14,34,12,11,27,17,28,36,18,17,36,13,12,27,28,31,34,17,31,28,17,16,31,15,14,31,16,15,31],\"type\":\"mesh\",\"vertices\":[25.55,-28.95,30.65,-7.35,32.95,-2.05,31.55,0.1,31.9,6,26.6,10.05,25.55,18.5,20.45,28.25,11.35,38.2,2.05,42,-4.3,39.7,-20.85,33.75,-21.05,24.45,-21.05,18.95,-23.15,11.95,-29.3,11.3,-31.4,7.05,-28.45,-5.65,-22.95,-27.65,-16.15,-34.85,-8.95,-39.5,1.85,-41.2,13.05,-39.1,21.1,-33.8,5.9,20.7,-0.05,21.95,-6.4,22.35,-12.1,21.75,-19.1,-2.6,9.1,-2.85,9.7,10.1,-22.5,6.5,18.4,2.45,2.1,3.5,-12.3,3.1,-1.3,-32.7,-9.75,-11.5],\"transform\":{\"y\":-4.3786,\"skX\":97.7613,\"skY\":97.7613,\"x\":31.0941},\"edges\":[0,1,1,2,2,3,3,4,4,5,5,6,6,7,7,8,8,9,9,10,10,11,11,12,12,13,13,14,14,15,15,16,16,17,17,18,18,19,19,20,20,21,21,22,22,23,23,0],\"path\":\"Head\",\"uvs\":[0.87029,0.15536,0.9442,0.4125,0.97754,0.4756,0.95725,0.50119,0.96232,0.57143,0.88551,0.61964,0.87029,0.72024,0.79638,0.83631,0.66449,0.95476,0.52971,1,0.43768,0.97262,0.19783,0.90179,0.19493,0.79107,0.19493,0.7256,0.16449,0.64226,0.07536,0.63452,0.04493,0.58393,0.08768,0.43274,0.16739,0.17083,0.26594,0.08512,0.37029,0.02976,0.52681,0.00952,0.68913,0.03452,0.8058,0.09762,0.58544,0.74639,0.49921,0.76127,0.40718,0.76603,0.32457,0.75889,0.22312,0.46901,0.63182,0.46603,0.64051,0.6202,0.17384,0.57734,0.7666,0.52913,0.53037,0.54163,0.32167,0.53687,0.48109,0.11068,0.35863,0.36306],\"height\":84,\"name\":\"Head\",\"userEdges\":[]}],\"name\":\"Head\"},{\"display\":[{\"width\":37,\"triangles\":[1,17,18,19,1,18,2,16,17,1,2,17,3,15,16,2,3,16,14,12,13,3,14,15,11,12,14,4,11,14,3,4,14,4,5,11,19,0,1,10,8,9,7,8,10,5,6,11,7,10,11,6,7,11],\"type\":\"mesh\",\"vertices\":[-6,-33.85,1.7,-25.05,1.25,-18.6,-1,-4.95,-5.1,-1.85,-8.1,2.15,-12.3,2.7,-14.45,28.7,-14.15,30.3,3.35,30.45,-1.15,24.3,-1.9,13.85,5.95,13.7,9.55,9.95,9.55,4.05,10,-0.8,11.95,-13.25,15.9,-16.2,18.5,-20.5,1.85,-36],\"transform\":{\"y\":2.4514,\"skX\":-99.623,\"skY\":-99.623,\"x\":24.4219},\"edges\":[0,1,1,2,2,3,3,4,4,5,5,6,6,7,7,8,8,9,9,10,10,11,11,12,12,13,13,14,14,15,15,16,16,17,17,18,18,19,19,0],\"path\":\"Left_leg\",\"uvs\":[0.33784,0.02986,0.54595,0.15208,0.53378,0.24167,0.47297,0.43125,0.36216,0.47431,0.28108,0.52986,0.16757,0.5375,0.10946,0.89861,0.11757,0.92083,0.59054,0.92292,0.46892,0.8375,0.44865,0.69236,0.66081,0.69028,0.75811,0.63819,0.75811,0.55625,0.77027,0.48889,0.82297,0.31597,0.92973,0.275,1,0.21528,0.55,0],\"height\":72,\"name\":\"Left_leg\",\"userEdges\":[]}],\"name\":\"Left_leg\"},{\"display\":[{\"width\":20,\"triangles\":[3,2,1,0,3,1,7,6,0,0,6,4,6,5,4,0,4,3],\"type\":\"mesh\",\"vertices\":[-0.15,-7.35,10,0.55,9.45,3.8,2.5,7.5,-0.55,7.15,-9.9,4.25,-10,-2.65,-5.95,-7.5],\"transform\":{\"y\":0.1229,\"skX\":-52.2243,\"skY\":-52.2243,\"x\":4.2437},\"edges\":[0,1,1,2,2,3,3,4,4,5,5,6,6,7,7,0],\"path\":\"Right_hand\",\"uvs\":[0.4925,0.01,1,0.53667,0.9725,0.75333,0.625,1,0.4725,0.97667,0.005,0.78333,0,0.32333,0.2025,0],\"height\":15,\"name\":\"Right_hand\",\"userEdges\":[]}],\"name\":\"Right_hand\"},{\"display\":[{\"width\":44,\"triangles\":[14,7,6,4,14,5,14,6,5,3,14,4,15,7,14,2,14,3,15,8,7,2,1,14,1,15,14,16,15,1,16,9,15,15,9,8,17,16,1,0,17,1,16,10,9,17,10,16,13,17,0,11,10,17,12,11,17,13,12,17],\"type\":\"mesh\",\"vertices\":[-10.1,-16.5,5.9,-3.45,10.95,-3.95,16.15,-3.6,20.85,-1.85,21.25,1.25,21.6,6.05,15.3,15.1,6.45,15.75,0.95,10.35,-17.65,-3.2,-22,-9.5,-20.65,-12.5,-16.4,-16.3,14.69,1.58,7.29,9.93,-1.06,0.63,-12.26,-9.17],\"transform\":{\"y\":0.529,\"skX\":-30.4448,\"skY\":-30.4448,\"x\":19.8646},\"edges\":[0,1,1,2,2,3,3,4,4,5,5,6,6,7,7,8,8,9,9,10,10,11,11,12,12,13,13,0],\"path\":\"Left_hand\",\"uvs\":[0.27045,0,0.63409,0.39545,0.74886,0.3803,0.86705,0.39091,0.97386,0.44394,0.98295,0.53788,0.99091,0.68333,0.84773,0.95758,0.64659,0.97727,0.52159,0.81364,0.09886,0.40303,0,0.21212,0.03068,0.12121,0.12727,0.00606,0.83392,0.54783,0.66574,0.80086,0.47596,0.51904,0.22142,0.22207],\"height\":33,\"name\":\"Left_hand\",\"userEdges\":[]}],\"name\":\"Left_hand\"},{\"display\":[{\"width\":24,\"triangles\":[0,4,1,3,2,1,4,3,1,9,0,10,10,0,11,5,4,0,9,8,0,8,5,0,7,5,8,7,6,5],\"type\":\"mesh\",\"vertices\":[7.15,-1.6,10.85,4.85,7.95,13.2,3.65,13.9,-2.15,6.6,-5.85,1.75,-10.55,-2.3,-9.65,-6.7,-6,-11.05,-1.45,-13.45,6.25,-11.55,8.4,-8.25],\"transform\":{\"y\":3.1815,\"skX\":-56.2106,\"skY\":-56.2106,\"x\":8.9038},\"edges\":[0,1,1,2,2,3,3,4,4,5,5,6,6,7,7,8,8,9,9,10,10,11,11,0],\"path\":\"Right_shoulder\",\"uvs\":[0.79792,0.44286,0.95208,0.67321,0.83125,0.97143,0.65208,0.99643,0.41042,0.73571,0.25625,0.5625,0.06042,0.41786,0.09792,0.26071,0.25,0.10536,0.43958,0.01964,0.76042,0.0875,0.85,0.20536],\"height\":28,\"name\":\"Right_shoulder\",\"userEdges\":[]}],\"name\":\"Right_shoulder\"},{\"display\":[{\"width\":45,\"triangles\":[27,24,26,24,25,26,28,24,27,23,24,29,29,24,28,30,23,29,1,2,3,4,5,6,7,4,6,14,1,3,4,14,3,31,23,30,17,0,1,31,22,23,7,12,4,15,16,1,16,17,1,14,15,1,11,12,7,12,14,4,12,13,14,19,20,31,20,21,31,21,22,31,8,9,7,9,11,7,19,31,32,18,19,32,18,32,0,17,18,0,10,11,9],\"type\":\"mesh\",\"vertices\":[-5.95,8.9,-0.8,-6.9,3.2,-11.6,2.95,-14.75,-3.35,-22.7,1.9,-25.7,3.1,-30.3,-5.1,-38.8,-6.4,-41.65,-9.8,-43.75,-11.8,-47.25,-22.5,-29,-21.2,-25.2,-20.4,-21.1,-12.45,-15.6,-13.15,-9.35,-15.4,-4.5,-15.25,-1.7,-16.4,0.3,-19.35,11.45,-21.3,17.35,-19.5,23.35,-11.3,27.95,-6.4,27.95,3.1,34.9,-9.75,44.95,22.1,45.45,18.75,25.7,12.4,17.4,5.6,13.4,-2.45,13.05,-5.65,12.8,-6.95,10.95],\"transform\":{\"y\":-10.6264,\"skX\":-92.9246,\"skY\":-92.9246,\"x\":30.7011},\"edges\":[0,1,1,2,2,3,3,4,4,5,5,6,6,7,7,8,8,9,9,10,10,11,11,12,12,13,13,14,14,15,15,16,16,17,17,18,18,19,19,20,20,21,21,22,22,23,23,24,24,25,25,26,26,27,27,28,28,29,29,30,30,31,31,32,32,0],\"path\":\"Right_leg\",\"uvs\":[0.36778,0.5899,0.48222,0.4303,0.57111,0.38283,0.56556,0.35101,0.42556,0.27071,0.54222,0.2404,0.56889,0.19394,0.38667,0.10808,0.35778,0.07929,0.28222,0.05808,0.23778,0.02273,0,0.20707,0.02889,0.24545,0.04667,0.28687,0.22333,0.34242,0.20778,0.40556,0.15778,0.45455,0.16111,0.48283,0.13556,0.50303,0.07,0.61566,0.02667,0.67525,0.06667,0.73586,0.24889,0.78232,0.35778,0.78232,0.56889,0.85253,0.28333,0.95404,0.99111,0.95909,0.91667,0.7596,0.77556,0.67576,0.62444,0.63535,0.44556,0.63182,0.37444,0.62929,0.34556,0.61061],\"height\":99,\"name\":\"Right_leg\",\"userEdges\":[]}],\"name\":\"Right_leg\"},{\"display\":[{\"width\":74,\"triangles\":[6,34,5,28,0,1,2,3,4,34,2,4,5,34,4,2,28,1,11,12,10,34,28,2,9,6,7,8,9,7,9,34,6,33,9,10,12,33,10,28,